Customer ID,Name,Email,Phone,Total Sandwiches Purchased,Number of Orders,Type
C001,Customer 1,customer1@student.cbs.dk,+1234567801,6,4,Student
C002,Customer 2,customer2@student.cbs.dk,+1234567802,25,10,Student
C003,Customer 3,customer3@student.cbs.dk,+1234567803,13,5,Student
C004,Customer 4,customer4@student.cbs.dk,+1234567804,18,5,Student
C005,Customer 5,customer5@student.cbs.dk,+1234567805,5,2,Student
C006,Customer 6,customer6@student.cbs.dk,+1234567806,2,2,Student
C007,Customer 7,customer7@student.cbs.dk,+1234567807,6,2,Student
C008,Customer 8,customer8@student.cbs.dk,+1234567808,32,9,Student
C009,Customer 9,customer9@student.cbs.dk,+1234567809,14,7,Student
C010,Customer 10,customer10@student.cbs.dk,+1234567810,16,5,Student
C011,Customer 11,customer11@student.cbs.dk,+1234567811,21,7,Student
C012,Customer 12,customer12@student.cbs.dk,+1234567812,26,10,Student
C013,Customer 13,customer13@student.cbs.dk,+1234567813,27,10,Student
C014,Customer 14,customer14@student.cbs.dk,+1234567814,29,10,Student
C015,Customer 15,customer15@student.cbs.dk,+1234567815,25,10,Student
C016,Customer 16,customer16@student.cbs.dk,+1234567816,13,3,Student
C017,Customer 17,customer17@student.cbs.dk,+1234567817,5,2,Student
C018,Customer 18,customer18@student.cbs.dk,+1234567818,11,4,Student
C019,Customer 19,customer19@student.cbs.dk,+1234567819,3,1,Student
C020,Customer 20,customer20@student.cbs.dk,+1234567820,5,2,Student
C021,Customer 21,customer21@student.cbs.dk,+1234567821,5,2,Student
C022,Customer 22,customer22@student.cbs.dk,+1234567822,2,2,Student
C023,Customer 23,customer23@student.cbs.dk,+1234567823,21,6,Student
C024,Customer 24,customer24@student.cbs.dk,+1234567824,7,4,Student
C025,Customer 25,customer25@student.cbs.dk,+1234567825,16,4,Student
C026,Customer 26,customer26@student.cbs.dk,+1234567826,6,2,Student
C027,Customer 27,customer27@student.cbs.dk,+1234567827,7,2,Student
C028,Customer 28,customer28@student.cbs.dk,+1234567828,26,10,Student
C029,Customer 29,customer29@student.cbs.dk,+1234567829,14,7,Student
C030,Customer 30,customer30@student.cbs.dk,+1234567830,1,1,Student
C031,Customer 31,customer31@student.cbs.dk,+1234567831,4,1,Student
C032,Customer 32,customer32@student.cbs.dk,+1234567832,6,2,Student
C033,Customer 33,customer33@student.cbs.dk,+1234567833,6,2,Student
C034,Customer 34,customer34@student.cbs.dk,+1234567834,19,6,Student
C035,Customer 35,customer35@student.cbs.dk,+1234567835,9,3,Student
C036,Customer 36,customer36@student.cbs.dk,+1234567836,21,7,Student
C037,Customer 37,customer37@student.cbs.dk,+1234567837,6,2,Student
C038,Customer 38,customer38@student.cbs.dk,+1234567838,10,2,Student
C039,Customer 39,customer39@student.cbs.dk,+1234567839,2,1,Student
C040,Customer 40,customer40@student.cbs.dk,+1234567840,33,10,Student
C041,Customer 41,customer41@student.cbs.dk,+1234567841,1,1,Student
C042,Customer 42,customer42@student.cbs.dk,+1234567842,9,3,Student
C043,Customer 43,customer43@student.cbs.dk,+1234567843,17,9,Student
C044,Customer 44,customer44@student.cbs.dk,+1234567844,22,8,Student
C045,Customer 45,customer45@student.cbs.dk,+1234567845,28,10,Student
C046,Customer 46,customer46@student.cbs.dk,+1234567846,9,2,Student
C047,Customer 47,customer47@student.cbs.dk,+1234567847,4,2,Student
C048,Customer 48,customer48@student.cbs.dk,+1234567848,29,10,Student
C049,Customer 49,customer49@student.cbs.dk,+1234567849,5,2,Student
C050,Customer 50,customer50@student.cbs.dk,+1234567850,4,3,Student
C051,Customer 51,customer51@example.com,+1234567851,6,2,Regular
C052,Customer 52,customer52@example.com,+1234567852,8,2,Regular
C053,Customer 53,customer53@example.com,+1234567853,31,9,Regular
C054,Customer 54,customer54@example.com,+1234567854,7,2,Regular
C055,Customer 55,customer55@example.com,+1234567855,15,4,Regular
C056,Customer 56,customer56@example.com,+1234567856,6,3,Regular
C057,Customer 57,customer57@example.com,+1234567857,20,7,Regular
C058,Customer 58,customer58@example.com,+1234567858,4,1,Regular
C059,Customer 59,customer59@example.com,+1234567859,22,7,Regular
C060,Customer 60,customer60@example.com,+1234567860,29,10,Regular
C061,Customer 61,customer61@example.com,+1234567861,5,2,Regular
C062,Customer 62,customer62@example.com,+1234567862,1,1,Regular
C063,Customer 63,customer63@example.com,+1234567863,5,2,Regular
C064,Customer 64,customer64@example.com,+1234567864,19,8,Regular
C065,Customer 65,customer65@example.com,+1234567865,24,7,Regular
C066,Customer 66,customer66@example.com,+1234567866,4,1,Regular
C067,Customer 67,customer67@example.com,+1234567867,9,2,Regular
C068,Customer 68,customer68@example.com,+1234567868,7,2,Regular
C069,Customer 69,customer69@example.com,+1234567869,26,8,Regular
C070,Customer 70,customer70@example.com,+1234567870,16,5,Regular
C071,Customer 71,customer71@example.com,+1234567871,6,2,Regular
C072,Customer 72,customer72@example.com,+1234567872,2,2,Regular
C073,Customer 73,customer73@example.com,+1234567873,7,2,Regular
C074,Customer 74,customer74@example.com,+1234567874,9,3,Regular
C075,Customer 75,customer75@example.com,+1234567875,24,8,Regular
C076,Customer 76,customer76@example.com,+1234567876,4,2,Regular
C077,Customer 77,customer77@example.com,+1234567877,9,2,Regular
C078,Customer 78,customer78@example.com,+1234567878,22,7,Regular
C079,Customer 79,customer79@example.com,+1234567879,7,2,Regular
C080,Customer 80,customer80@example.com,+1234567880,1,1,Regular
C081,Customer 81,customer81@example.com,+1234567881,24,10,Regular
C082,Customer 82,customer82@example.com,+1234567882,8,2,Regular
C083,Customer 83,customer83@example.com,+1234567883,24,10,Regular
C084,Customer 84,customer84@example.com,+1234567884,13,4,Regular
C085,Customer 85,customer85@example.com,+1234567885,25,8,Regular
C086,Customer 86,customer86@example.com,+1234567886,11,4,Regular
C087,Customer 87,customer87@example.com,+1234567887,6,2,Regular
C088,Customer 88,customer88@example.com,+1234567888,4,3,Regular
C089,Customer 89,customer89@example.com,+1234567889,6,2,Regular
C090,Customer 90,customer90@example.com,+1234567890,10,5,Regular
C091,Customer 91,customer91@example.com,+1234567891,25,8,Regular
C092,Customer 92,customer92@example.com,+1234567892,2,1,Regular
C093,Customer 93,customer93@example.com,+1234567893,8,2,Regular
C094,Customer 94,customer94@example.com,+1234567894,2,1,Regular
C095,Customer 95,customer95@example.com,+1234567895,6,2,Regular
C096,Customer 96,customer96@example.com,+1234567896,28,9,Regular
C097,Customer 97,customer97@example.com,+1234567897,9,2,Regular
C098,Customer 98,customer98@example.com,+1234567898,9,2,Regular
C099,Customer 99,customer99@example.com,+1234567899,13,4,Regular
C100,Customer 100,customer100@example.com,+12345678100,23,7,Regular
C101,Customer 101,customer101@example.com,+12345678101,26,8,Regular
C102,Customer 102,customer102@example.com,+12345678102,17,7,Regular
C103,Customer 103,customer103@example.com,+12345678103,6,3,Regular
C104,Customer 104,customer104@example.com,+12345678104,20,6,Regular
C105,Customer 105,customer105@example.com,+12345678105,6,2,Regular
C106,Customer 106,customer106@example.com,+12345678106,29,8,Regular
C107,Customer 107,customer107@example.com,+12345678107,5,2,Regular
C108,Customer 108,customer108@example.com,+12345678108,4,1,Regular
C109,Customer 109,customer109@example.com,+12345678109,10,4,Regular
C110,Customer 110,customer110@example.com,+12345678110,13,4,Regular
C111,Customer 111,customer111@example.com,+12345678111,8,3,Regular
C112,Customer 112,customer112@example.com,+12345678112,9,6,Regular
C113,Customer 113,customer113@example.com,+12345678113,34,10,Regular
C114,Customer 114,customer114@example.com,+12345678114,5,2,Regular
C115,Customer 115,customer115@example.com,+12345678115,4,3,Regular
C116,Customer 116,customer116@example.com,+12345678116,15,4,Regular
C117,Customer 117,customer117@example.com,+12345678117,7,2,Regular
C118,Customer 118,customer118@example.com,+12345678118,2,2,Regular
C119,Customer 119,customer119@example.com,+12345678119,4,2,Regular
C120,Customer 120,customer120@example.com,+12345678120,5,1,Regular
C121,Customer 121,customer121@example.com,+12345678121,6,2,Regular
C122,Customer 122,customer122@example.com,+12345678122,9,2,Regular
C123,Customer 123,customer123@example.com,+12345678123,34,9,Regular
C124,Customer 124,customer124@example.com,+12345678124,7,2,Regular
C125,Customer 125,customer125@example.com,+12345678125,21,7,Regular
C126,Customer 126,customer126@example.com,+12345678126,5,1,Regular
C127,Customer 127,customer127@example.com,+12345678127,12,5,Regular
C128,Customer 128,customer128@example.com,+12345678128,6,2,Regular
C129,Customer 129,customer129@example.com,+12345678129,5,2,Regular
C130,Customer 130,customer130@example.com,+12345678130,20,7,Regular
C131,Customer 131,customer131@example.com,+12345678131,5,2,Regular
C132,Customer 132,customer132@example.com,+12345678132,28,9,Regular
C133,Customer 133,customer133@example.com,+12345678133,12,3,Regular
C134,Customer 134,customer134@example.com,+12345678134,22,9,Regular
C135,Customer 135,customer135@example.com,+12345678135,4,2,Regular
C136,Customer 136,customer136@example.com,+12345678136,17,5,Regular
C137,Customer 137,customer137@example.com,+12345678137,14,5,Regular
C138,Customer 138,customer138@example.com,+12345678138,16,6,Regular
C139,Customer 139,customer139@example.com,+12345678139,5,1,Regular
C140,Customer 140,customer140@example.com,+12345678140,30,9,Regular
C141,Customer 141,customer141@example.com,+12345678141,4,2,Regular
C142,Customer 142,customer142@example.com,+12345678142,14,5,Regular
C143,Customer 143,customer143@example.com,+12345678143,25,9,Regular
C144,Customer 144,customer144@example.com,+12345678144,26,10,Regular
C145,Customer 145,customer145@example.com,+12345678145,12,3,Regular
C146,Customer 146,customer146@example.com,+12345678146,15,6,Regular
C147,Customer 147,customer147@example.com,+12345678147,16,6,Regular
C148,Customer 148,customer148@example.com,+12345678148,23,8,Regular
C149,Customer 149,customer149@example.com,+12345678149,19,7,Regular
C150,Customer 150,customer150@example.com,+12345678150,13,4,Regular
C151,Customer 151,customer151@example.com,+12345678151,2,1,Regular
C152,Customer 152,customer152@example.com,+12345678152,12,5,Regular
C153,Customer 153,customer153@example.com,+12345678153,6,2,Regular
C154,Customer 154,customer154@example.com,+12345678154,29,10,Regular
C155,Customer 155,customer155@example.com,+12345678155,2,1,Regular
C156,Customer 156,customer156@example.com,+12345678156,12,3,Regular
C157,Customer 157,customer157@example.com,+12345678157,22,7,Regular
C158,Customer 158,customer158@example.com,+12345678158,9,4,Regular
C159,Customer 159,customer159@example.com,+12345678159,13,4,Regular
C160,Customer 160,customer160@example.com,+12345678160,12,4,Regular
C161,Customer 161,customer161@example.com,+12345678161,7,2,Regular
C162,Customer 162,customer162@example.com,+12345678162,23,6,Regular
C163,Customer 163,customer163@example.com,+12345678163,21,7,Regular
C164,Customer 164,customer164@example.com,+12345678164,24,7,Regular
C165,Customer 165,customer165@example.com,+12345678165,38,10,Regular
C166,Customer 166,customer166@example.com,+12345678166,9,3,Regular
C167,Customer 167,customer167@example.com,+12345678167,8,2,Regular
C168,Customer 168,customer168@example.com,+12345678168,7,2,Regular
C169,Customer 169,customer169@example.com,+12345678169,17,9,Regular
C170,Customer 170,customer170@example.com,+12345678170,5,3,Regular
C171,Customer 171,customer171@example.com,+12345678171,13,4,Regular
C172,Customer 172,customer172@example.com,+12345678172,21,9,Regular
C173,Customer 173,customer173@example.com,+12345678173,22,7,Regular
C174,Customer 174,customer174@example.com,+12345678174,9,2,Regular
C175,Customer 175,customer175@example.com,+12345678175,6,2,Regular
C176,Customer 176,customer176@example.com,+12345678176,14,5,Regular
C177,Customer 177,customer177@example.com,+12345678177,19,9,Regular
C178,Customer 178,customer178@example.com,+12345678178,13,5,Regular
C179,Customer 179,customer179@example.com,+12345678179,26,10,Regular
C180,Customer 180,customer180@example.com,+12345678180,28,9,Regular
C181,Customer 181,customer181@example.com,+12345678181,5,2,Regular
C182,Customer 182,customer182@example.com,+12345678182,17,4,Regular
C183,Customer 183,customer183@example.com,+12345678183,13,6,Regular
C184,Customer 184,customer184@example.com,+12345678184,6,3,Regular
C185,Customer 185,customer185@example.com,+12345678185,18,6,Regular
C186,Customer 186,customer186@example.com,+12345678186,8,2,Regular
C187,Customer 187,customer187@example.com,+12345678187,26,8,Regular
C188,Customer 188,customer188@example.com,+12345678188,1,1,Regular
C189,Customer 189,customer189@example.com,+12345678189,11,6,Regular
C190,Customer 190,customer190@example.com,+12345678190,4,1,Regular
C191,Customer 191,customer191@example.com,+12345678191,6,2,Regular
C192,Customer 192,customer192@example.com,+12345678192,1,1,Regular
C193,Customer 193,customer193@example.com,+12345678193,1,1,Regular
C194,Customer 194,customer194@example.com,+12345678194,27,9,Regular
C195,Customer 195,customer195@example.com,+12345678195,9,2,Regular
C196,Customer 196,customer196@example.com,+12345678196,14,6,Regular
C197,Customer 197,customer197@example.com,+12345678197,9,2,Regular
C198,Customer 198,customer198@example.com,+12345678198,18,9,Regular
C199,Customer 199,customer199@example.com,+12345678199,19,6,Regular
C200,Customer 200,customer200@example.com,+12345678200,9,2,Regular
C201,Customer 201,customer201@example.com,+12345678201,7,3,Regular
C202,Customer 202,customer202@example.com,+12345678202,6,2,Regular
C203,Customer 203,customer203@example.com,+12345678203,25,7,Regular
C204,Customer 204,customer204@example.com,+12345678204,5,2,Regular
C205,Customer 205,customer205@example.com,+12345678205,36,10,Regular
C206,Customer 206,customer206@example.com,+12345678206,28,10,Regular
C207,Customer 207,customer207@example.com,+12345678207,26,9,Regular
C208,Customer 208,customer208@example.com,+12345678208,10,6,Regular
C209,Customer 209,customer209@example.com,+12345678209,4,2,Regular
C210,Customer 210,customer210@example.com,+12345678210,30,10,Regular
C211,Customer 211,customer211@example.com,+12345678211,20,9,Regular
C212,Customer 212,customer212@example.com,+12345678212,3,1,Regular
C213,Customer 213,customer213@example.com,+12345678213,32,9,Regular
C214,Customer 214,customer214@example.com,+12345678214,32,10,Regular
C215,Customer 215,customer215@example.com,+12345678215,15,5,Regular
C216,Customer 216,customer216@example.com,+12345678216,24,8,Regular
C217,Customer 217,customer217@example.com,+12345678217,8,2,Regular
C218,Customer 218,customer218@example.com,+12345678218,15,7,Regular
C219,Customer 219,customer219@example.com,+12345678219,26,8,Regular
C220,Customer 220,customer220@example.com,+12345678220,3,1,Regular
C221,Customer 221,customer221@example.com,+12345678221,5,2,Regular
C222,Customer 222,customer222@example.com,+12345678222,31,10,Regular
C223,Customer 223,customer223@example.com,+12345678223,3,2,Regular
C224,Customer 224,customer224@example.com,+12345678224,7,2,Regular
C225,Customer 225,customer225@example.com,+12345678225,19,6,Regular
C226,Customer 226,customer226@example.com,+12345678226,17,5,Regular
C227,Customer 227,customer227@example.com,+12345678227,17,7,Regular
C228,Customer 228,customer228@example.com,+12345678228,7,3,Regular
C229,Customer 229,customer229@example.com,+12345678229,4,2,Regular
C230,Customer 230,customer230@example.com,+12345678230,22,7,Regular
C231,Customer 231,customer231@example.com,+12345678231,5,2,Regular
C232,Customer 232,customer232@example.com,+12345678232,18,4,Regular
C233,Customer 233,customer233@example.com,+12345678233,30,10,Regular
C234,Customer 234,customer234@example.com,+12345678234,18,5,Regular
C235,Customer 235,customer235@example.com,+12345678235,13,5,Regular
C236,Customer 236,customer236@example.com,+12345678236,27,10,Regular
C237,Customer 237,customer237@example.com,+12345678237,26,10,Regular
C238,Customer 238,customer238@example.com,+12345678238,13,5,Regular
C239,Customer 239,customer239@example.com,+12345678239,27,9,Regular
C240,Customer 240,customer240@example.com,+12345678240,9,3,Regular
C241,Customer 241,customer241@example.com,+12345678241,18,8,Regular
C242,Customer 242,customer242@example.com,+12345678242,3,2,Regular
C243,Customer 243,customer243@example.com,+12345678243,15,5,Regular
C244,Customer 244,customer244@example.com,+12345678244,11,3,Regular
C245,Customer 245,customer245@example.com,+12345678245,11,5,Regular
C246,Customer 246,customer246@example.com,+12345678246,16,6,Regular
C247,Customer 247,customer247@example.com,+12345678247,11,4,Regular
C248,Customer 248,customer248@example.com,+12345678248,12,4,Regular
C249,Customer 249,customer249@example.com,+12345678249,4,1,Regular
C250,Customer 250,customer250@example.com,+12345678250,9,2,Regular
C251,Customer 251,customer251@example.com,+12345678251,19,5,Regular
C252,Customer 252,customer252@example.com,+12345678252,8,2,Regular
C253,Customer 253,customer253@example.com,+12345678253,16,5,Regular
C254,Customer 254,customer254@example.com,+12345678254,15,7,Regular
C255,Customer 255,customer255@example.com,+12345678255,21,7,Regular
C256,Customer 256,customer256@example.com,+12345678256,24,9,Regular
C257,Customer 257,customer257@example.com,+12345678257,5,2,Regular
C258,Customer 258,customer258@example.com,+12345678258,18,7,Regular
C259,Customer 259,customer259@example.com,+12345678259,16,6,Regular
C260,Customer 260,customer260@example.com,+12345678260,35,10,Regular
C261,Customer 261,customer261@example.com,+12345678261,9,4,Regular
C262,Customer 262,customer262@example.com,+12345678262,9,2,Regular
C263,Customer 263,customer263@example.com,+12345678263,6,2,Regular
C264,Customer 264,customer264@example.com,+12345678264,18,6,Regular
C265,Customer 265,customer265@example.com,+12345678265,5,2,Regular
C266,Customer 266,customer266@example.com,+12345678266,6,4,Regular
C267,Customer 267,customer267@example.com,+12345678267,36,10,Regular
C268,Customer 268,customer268@example.com,+12345678268,6,2,Regular
C269,Customer 269,customer269@example.com,+12345678269,14,6,Regular
C270,Customer 270,customer270@example.com,+12345678270,5,1,Regular
C271,Customer 271,customer271@example.com,+12345678271,24,8,Regular
C272,Customer 272,customer272@example.com,+12345678272,5,2,Regular
C273,Customer 273,customer273@example.com,+12345678273,20,7,Regular
C274,Customer 274,customer274@example.com,+12345678274,20,7,Regular
C275,Customer 275,customer275@example.com,+12345678275,33,10,Regular
C276,Customer 276,customer276@example.com,+12345678276,21,7,Regular
C277,Customer 277,customer277@example.com,+12345678277,20,5,Regular
C278,Customer 278,customer278@example.com,+12345678278,20,8,Regular
C279,Customer 279,customer279@example.com,+12345678279,4,2,Regular
C280,Customer 280,customer280@example.com,+12345678280,6,2,Regular
C281,Customer 281,customer281@example.com,+12345678281,4,1,Regular
C282,Customer 282,customer282@example.com,+12345678282,6,3,Regular
C283,Customer 283,customer283@example.com,+12345678283,3,2,Regular
C284,Customer 284,customer284@example.com,+12345678284,19,6,Regular
C285,Customer 285,customer285@example.com,+12345678285,20,7,Regular
C286,Customer 286,customer286@example.com,+12345678286,27,9,Regular
C287,Customer 287,customer287@example.com,+12345678287,4,2,Regular
C288,Customer 288,customer288@example.com,+12345678288,10,2,Regular
C289,Customer 289,customer289@example.com,+12345678289,7,3,Regular
C290,Customer 290,customer290@example.com,+12345678290,23,8,Regular
C291,Customer 291,customer291@example.com,+12345678291,7,2,Regular
C292,Customer 292,customer292@example.com,+12345678292,7,2,Regular
C293,Customer 293,customer293@example.com,+12345678293,6,2,Regular
C294,Customer 294,customer294@example.com,+12345678294,4,2,Regular
C295,Customer 295,customer295@example.com,+12345678295,10,3,Regular
C296,Customer 296,customer296@example.com,+12345678296,28,9,Regular
C297,Customer 297,customer297@example.com,+12345678297,32,9,Regular
C298,Customer 298,customer298@example.com,+12345678298,27,8,Regular
C299,Customer 299,customer299@example.com,+12345678299,14,6,Regular
C300,Customer 300,customer300@example.com,+12345678300,25,8,Regular
C301,Customer 301,customer301@example.com,+12345678301,28,8,Regular
C302,Customer 302,customer302@example.com,+12345678302,8,2,Regular
C303,Customer 303,customer303@example.com,+12345678303,24,7,Regular
C304,Customer 304,customer304@example.com,+12345678304,11,3,Regular
C305,Customer 305,customer305@example.com,+12345678305,5,2,Regular
C306,Customer 306,customer306@example.com,+12345678306,23,8,Regular
C307,Customer 307,customer307@example.com,+12345678307,11,4,Regular
C308,Customer 308,customer308@example.com,+12345678308,9,3,Regular
C309,Customer 309,customer309@example.com,+12345678309,24,8,Regular
C310,Customer 310,customer310@example.com,+12345678310,5,1,Regular
C311,Customer 311,customer311@example.com,+12345678311,13,3,Regular
C312,Customer 312,customer312@example.com,+12345678312,28,10,Regular
C313,Customer 313,customer313@example.com,+12345678313,10,2,Regular
C314,Customer 314,customer314@example.com,+12345678314,31,9,Regular
C315,Customer 315,customer315@example.com,+12345678315,4,1,Regular
C316,Customer 316,customer316@example.com,+12345678316,22,8,Regular
C317,Customer 317,customer317@example.com,+12345678317,4,1,Regular
C318,Customer 318,customer318@example.com,+12345678318,14,6,Regular
C319,Customer 319,customer319@example.com,+12345678319,4,2,Regular
C320,Customer 320,customer320@example.com,+12345678320,26,8,Regular
C321,Customer 321,customer321@example.com,+12345678321,1,1,Regular
C322,Customer 322,customer322@example.com,+12345678322,7,2,Regular
C323,Customer 323,customer323@example.com,+12345678323,4,2,Regular
C324,Customer 324,customer324@example.com,+12345678324,4,1,Regular
C325,Customer 325,customer325@example.com,+12345678325,21,8,Regular
C326,Customer 326,customer326@example.com,+12345678326,6,3,Regular
C327,Customer 327,customer327@example.com,+12345678327,4,1,Regular
C328,Customer 328,customer328@example.com,+12345678328,22,8,Regular
C329,Customer 329,customer329@example.com,+12345678329,2,1,Regular
C330,Customer 330,customer330@example.com,+12345678330,29,8,Regular
C331,Customer 331,customer331@example.com,+12345678331,4,2,Regular
C332,Customer 332,customer332@example.com,+12345678332,18,6,Regular
C333,Customer 333,customer333@example.com,+12345678333,8,2,Regular
C334,Customer 334,customer334@example.com,+12345678334,7,2,Regular
C335,Customer 335,customer335@example.com,+12345678335,12,4,Regular
C336,Customer 336,customer336@example.com,+12345678336,8,2,Regular
C337,Customer 337,customer337@example.com,+12345678337,7,2,Regular
C338,Customer 338,customer338@example.com,+12345678338,17,8,Regular
C339,Customer 339,customer339@example.com,+12345678339,8,2,Regular
C340,Customer 340,customer340@example.com,+12345678340,8,3,Regular
C341,Customer 341,customer341@example.com,+12345678341,9,2,Regular
C342,Customer 342,customer342@example.com,+12345678342,28,10,Regular
C343,Customer 343,customer343@example.com,+12345678343,22,9,Regular
C344,Customer 344,customer344@example.com,+12345678344,9,5,Regular
C345,Customer 345,customer345@example.com,+12345678345,24,10,Regular
C346,Customer 346,customer346@example.com,+12345678346,16,5,Regular
C347,Customer 347,customer347@example.com,+12345678347,10,4,Regular
C348,Customer 348,customer348@example.com,+12345678348,5,1,Regular
C349,Customer 349,customer349@example.com,+12345678349,24,6,Regular
C350,Customer 350,customer350@example.com,+12345678350,19,4,Regular
C351,Customer 351,customer351@example.com,+12345678351,7,2,Regular
C352,Customer 352,customer352@example.com,+12345678352,15,4,Regular
C353,Customer 353,customer353@example.com,+12345678353,19,7,Regular
C354,Customer 354,customer354@example.com,+12345678354,29,10,Regular
C355,Customer 355,customer355@example.com,+12345678355,35,9,Regular
C356,Customer 356,customer356@example.com,+12345678356,21,5,Regular
C357,Customer 357,customer357@example.com,+12345678357,4,1,Regular
C358,Customer 358,customer358@example.com,+12345678358,8,2,Regular
C359,Customer 359,customer359@example.com,+12345678359,15,6,Regular
C360,Customer 360,customer360@example.com,+12345678360,6,2,Regular
C361,Customer 361,customer361@example.com,+12345678361,8,2,Regular
C362,Customer 362,customer362@example.com,+12345678362,2,1,Regular
C363,Customer 363,customer363@example.com,+12345678363,2,1,Regular
C364,Customer 364,customer364@example.com,+12345678364,2,2,Regular
C365,Customer 365,customer365@example.com,+12345678365,5,2,Regular
C366,Customer 366,customer366@example.com,+12345678366,9,2,Regular
C367,Customer 367,customer367@example.com,+12345678367,15,5,Regular
C368,Customer 368,customer368@example.com,+12345678368,11,6,Regular
C369,Customer 369,customer369@example.com,+12345678369,22,6,Regular
C370,Customer 370,customer370@example.com,+12345678370,6,2,Regular
C371,Customer 371,customer371@example.com,+12345678371,4,2,Regular
C372,Customer 372,customer372@example.com,+12345678372,26,7,Regular
C373,Customer 373,customer373@example.com,+12345678373,4,1,Regular
C374,Customer 374,customer374@example.com,+12345678374,7,2,Regular
C375,Customer 375,customer375@example.com,+12345678375,32,9,Regular
C376,Customer 376,customer376@example.com,+12345678376,26,7,Regular
C377,Customer 377,customer377@example.com,+12345678377,23,8,Regular
C378,Customer 378,customer378@example.com,+12345678378,9,2,Regular
C379,Customer 379,customer379@example.com,+12345678379,18,7,Regular
C380,Customer 380,customer380@example.com,+12345678380,7,3,Regular
C381,Customer 381,customer381@example.com,+12345678381,25,9,Regular
C382,Customer 382,customer382@example.com,+12345678382,23,6,Regular
C383,Customer 383,customer383@example.com,+12345678383,10,3,Regular
C384,Customer 384,customer384@example.com,+12345678384,6,3,Regular
C385,Customer 385,customer385@example.com,+12345678385,3,1,Regular
C386,Customer 386,customer386@example.com,+12345678386,5,3,Regular
C387,Customer 387,customer387@example.com,+12345678387,6,2,Regular
C388,Customer 388,customer388@example.com,+12345678388,7,2,Regular
C389,Customer 389,customer389@example.com,+12345678389,3,2,Regular
C390,Customer 390,customer390@example.com,+12345678390,22,8,Regular
C391,Customer 391,customer391@example.com,+12345678391,11,3,Regular
C392,Customer 392,customer392@example.com,+12345678392,6,2,Regular
C393,Customer 393,customer393@example.com,+12345678393,8,2,Regular
C394,Customer 394,customer394@example.com,+12345678394,3,2,Regular
C395,Customer 395,customer395@example.com,+12345678395,26,10,Regular
C396,Customer 396,customer396@example.com,+12345678396,5,2,Regular
C397,Customer 397,customer397@example.com,+12345678397,19,8,Regular
C398,Customer 398,customer398@example.com,+12345678398,29,9,Regular
C399,Customer 399,customer399@example.com,+12345678399,20,8,Regular
C400,Customer 400,customer400@example.com,+12345678400,1,1,Regular
C401,Customer 401,customer401@example.com,+12345678401,36,10,Regular
C402,Customer 402,customer402@example.com,+12345678402,6,2,Regular
C403,Customer 403,customer403@example.com,+12345678403,1,1,Regular
C404,Customer 404,customer404@example.com,+12345678404,31,9,Regular
C405,Customer 405,customer405@example.com,+12345678405,9,4,Regular
C406,Customer 406,customer406@example.com,+12345678406,12,3,Regular
C407,Customer 407,customer407@example.com,+12345678407,3,2,Regular
C408,Customer 408,customer408@example.com,+12345678408,4,2,Regular
C409,Customer 409,customer409@example.com,+12345678409,22,8,Regular
C410,Customer 410,customer410@example.com,+12345678410,30,10,Regular
C411,Customer 411,customer411@example.com,+12345678411,4,2,Regular
C412,Customer 412,customer412@example.com,+12345678412,15,5,Regular
C413,Customer 413,customer413@example.com,+12345678413,24,9,Regular
C414,Customer 414,customer414@example.com,+12345678414,8,2,Regular
C415,Customer 415,customer415@example.com,+12345678415,12,3,Regular
C416,Customer 416,customer416@example.com,+12345678416,23,8,Regular
C417,Customer 417,customer417@example.com,+12345678417,5,2,Regular
C418,Customer 418,customer418@example.com,+12345678418,7,2,Regular
C419,Customer 419,customer419@example.com,+12345678419,1,1,Regular
C420,Customer 420,customer420@example.com,+12345678420,23,9,Regular
C421,Customer 421,customer421@example.com,+12345678421,14,6,Regular
C422,Customer 422,customer422@example.com,+12345678422,6,2,Regular
C423,Customer 423,customer423@example.com,+12345678423,13,5,Regular
C424,Customer 424,customer424@example.com,+12345678424,12,3,Regular
C425,Customer 425,customer425@example.com,+12345678425,9,2,Regular
C426,Customer 426,customer426@example.com,+12345678426,17,4,Regular
C427,Customer 427,customer427@example.com,+12345678427,38,10,Regular
C428,Customer 428,customer428@example.com,+12345678428,4,2,Regular
C429,Customer 429,customer429@example.com,+12345678429,9,2,Regular
C430,Customer 430,customer430@example.com,+12345678430,4,2,Regular
C431,Customer 431,customer431@example.com,+12345678431,12,7,Regular
C432,Customer 432,customer432@example.com,+12345678432,5,2,Regular
C433,Customer 433,customer433@example.com,+12345678433,7,2,Regular
C434,Customer 434,customer434@example.com,+12345678434,25,8,Regular
C435,Customer 435,customer435@example.com,+12345678435,11,4,Regular
C436,Customer 436,customer436@example.com,+12345678436,1,1,Regular
C437,Customer 437,customer437@example.com,+12345678437,17,5,Regular
C438,Customer 438,customer438@example.com,+12345678438,9,3,Regular
C439,Customer 439,customer439@example.com,+12345678439,2,2,Regular
C440,Customer 440,customer440@example.com,+12345678440,34,10,Regular
C441,Customer 441,customer441@example.com,+12345678441,9,2,Regular
C442,Customer 442,customer442@example.com,+12345678442,20,7,Regular
C443,Customer 443,customer443@example.com,+12345678443,3,2,Regular
C444,Customer 444,customer444@example.com,+12345678444,5,1,Regular
C445,Customer 445,customer445@example.com,+12345678445,22,7,Regular
C446,Customer 446,customer446@example.com,+12345678446,31,10,Regular
C447,Customer 447,customer447@example.com,+12345678447,5,2,Regular
C448,Customer 448,customer448@example.com,+12345678448,27,9,Regular
C449,Customer 449,customer449@example.com,+12345678449,5,1,Regular
C450,Customer 450,customer450@example.com,+12345678450,6,2,Regular
C451,Customer 451,customer451@example.com,+12345678451,3,2,Regular
C452,Customer 452,customer452@example.com,+12345678452,4,2,Regular
C453,Customer 453,customer453@example.com,+12345678453,7,2,Regular
C454,Customer 454,customer454@example.com,+12345678454,24,9,Regular
C455,Customer 455,customer455@example.com,+12345678455,9,3,Regular
C456,Customer 456,customer456@example.com,+12345678456,6,3,Regular
C457,Customer 457,customer457@example.com,+12345678457,28,10,Regular
C458,Customer 458,customer458@example.com,+12345678458,22,7,Regular
C459,Customer 459,customer459@example.com,+12345678459,30,9,Regular
C460,Customer 460,customer460@example.com,+12345678460,8,2,Regular
C461,Customer 461,customer461@example.com,+12345678461,15,6,Regular
C462,Customer 462,customer462@example.com,+12345678462,21,10,Regular
C463,Customer 463,customer463@example.com,+12345678463,4,1,Regular
C464,Customer 464,customer464@example.com,+12345678464,14,6,Regular
C465,Customer 465,customer465@example.com,+12345678465,9,4,Regular
C466,Customer 466,customer466@example.com,+12345678466,2,2,Regular
C467,Customer 467,customer467@example.com,+12345678467,24,8,Regular
C468,Customer 468,customer468@example.com,+12345678468,5,3,Regular
C469,Customer 469,customer469@example.com,+12345678469,8,5,Regular
C470,Customer 470,customer470@example.com,+12345678470,6,2,Regular
C471,Customer 471,customer471@example.com,+12345678471,6,2,Regular
C472,Customer 472,customer472@example.com,+12345678472,22,7,Regular
C473,Customer 473,customer473@example.com,+12345678473,5,2,Regular
C474,Customer 474,customer474@example.com,+12345678474,31,10,Regular
C475,Customer 475,customer475@example.com,+12345678475,27,6,Regular
C476,Customer 476,customer476@example.com,+12345678476,10,2,Regular
C477,Customer 477,customer477@example.com,+12345678477,13,5,Regular
C478,Customer 478,customer478@example.com,+12345678478,22,7,Regular
C479,Customer 479,customer479@example.com,+12345678479,4,1,Regular
C480,Customer 480,customer480@example.com,+12345678480,6,2,Regular
C481,Customer 481,customer481@example.com,+12345678481,5,1,Regular
C482,Customer 482,customer482@example.com,+12345678482,8,2,Regular
C483,Customer 483,customer483@example.com,+12345678483,19,8,Regular
C484,Customer 484,customer484@example.com,+12345678484,6,2,Regular
C485,Customer 485,customer485@example.com,+12345678485,5,2,Regular
C486,Customer 486,customer486@example.com,+12345678486,9,2,Regular
C487,Customer 487,customer487@example.com,+12345678487,4,2,Regular
C488,Customer 488,customer488@example.com,+12345678488,22,7,Regular
C489,Customer 489,customer489@example.com,+12345678489,8,2,Regular
C490,Customer 490,customer490@example.com,+12345678490,7,2,Regular
C491,Customer 491,customer491@example.com,+12345678491,22,7,Regular
C492,Customer 492,customer492@example.com,+12345678492,32,10,Regular
C493,Customer 493,customer493@example.com,+12345678493,7,2,Regular
C494,Customer 494,customer494@example.com,+12345678494,23,8,Regular
C495,Customer 495,customer495@example.com,+12345678495,16,4,Regular
C496,Customer 496,customer496@example.com,+12345678496,33,9,Regular
C497,Customer 497,customer497@example.com,+12345678497,5,2,Regular
C498,Customer 498,customer498@example.com,+12345678498,19,8,Regular
C499,Customer 499,customer499@example.com,+12345678499,16,4,Regular
C500,Customer 500,customer500@example.com,+12345678500,40,10,Regular
C501,Customer 501,customer501@example.com,+12345678501,3,2,Regular
C502,Customer 502,customer502@example.com,+12345678502,7,2,Regular
C503,Customer 503,customer503@example.com,+12345678503,29,8,Regular
C504,Customer 504,customer504@example.com,+12345678504,25,8,Regular
C505,Customer 505,customer505@example.com,+12345678505,10,3,Regular
C506,Customer 506,customer506@example.com,+12345678506,27,9,Regular
C507,Customer 507,customer507@example.com,+12345678507,9,4,Regular
C508,Customer 508,customer508@example.com,+12345678508,4,3,Regular
C509,Customer 509,customer509@example.com,+12345678509,4,2,Regular
C510,Customer 510,customer510@example.com,+12345678510,21,8,Regular
C511,Customer 511,customer511@example.com,+12345678511,19,7,Regular
C512,Customer 512,customer512@example.com,+12345678512,19,9,Regular
C513,Customer 513,customer513@example.com,+12345678513,23,7,Regular
C514,Customer 514,customer514@example.com,+12345678514,20,8,Regular
C515,Customer 515,customer515@example.com,+12345678515,29,9,Regular
C516,Customer 516,customer516@example.com,+12345678516,23,7,Regular
C517,Customer 517,customer517@example.com,+12345678517,27,10,Regular
C518,Customer 518,customer518@example.com,+12345678518,2,2,Regular
C519,Customer 519,customer519@example.com,+12345678519,12,3,Regular
C520,Customer 520,customer520@example.com,+12345678520,3,2,Regular
C521,Customer 521,customer521@example.com,+12345678521,3,2,Regular
C522,Customer 522,customer522@example.com,+12345678522,22,5,Regular
C523,Customer 523,customer523@example.com,+12345678523,16,5,Regular
C524,Customer 524,customer524@example.com,+12345678524,28,10,Regular
C525,Customer 525,customer525@example.com,+12345678525,6,2,Regular
C526,Customer 526,customer526@example.com,+12345678526,14,6,Regular
C527,Customer 527,customer527@example.com,+12345678527,32,9,Regular
C528,Customer 528,customer528@example.com,+12345678528,14,4,Regular
C529,Customer 529,customer529@example.com,+12345678529,8,3,Regular
C530,Customer 530,customer530@example.com,+12345678530,26,10,Regular
C531,Customer 531,customer531@example.com,+12345678531,4,2,Regular
C532,Customer 532,customer532@example.com,+12345678532,13,3,Regular
C533,Customer 533,customer533@example.com,+12345678533,5,2,Regular
C534,Customer 534,customer534@example.com,+12345678534,5,2,Regular
C535,Customer 535,customer535@example.com,+12345678535,15,4,Regular
C536,Customer 536,customer536@example.com,+12345678536,12,4,Regular
C537,Customer 537,customer537@example.com,+12345678537,21,7,Regular
C538,Customer 538,customer538@example.com,+12345678538,13,6,Regular
C539,Customer 539,customer539@example.com,+12345678539,7,2,Regular
C540,Customer 540,customer540@example.com,+12345678540,8,2,Regular
C541,Customer 541,customer541@example.com,+12345678541,30,10,Regular
C542,Customer 542,customer542@example.com,+12345678542,8,2,Regular
C543,Customer 543,customer543@example.com,+12345678543,13,6,Regular
C544,Customer 544,customer544@example.com,+12345678544,2,2,Regular
C545,Customer 545,customer545@example.com,+12345678545,10,3,Regular
C546,Customer 546,customer546@example.com,+12345678546,6,2,Regular
C547,Customer 547,customer547@example.com,+12345678547,33,9,Regular
C548,Customer 548,customer548@example.com,+12345678548,12,4,Regular
C549,Customer 549,customer549@example.com,+12345678549,8,2,Regular
C550,Customer 550,customer550@example.com,+12345678550,34,10,Regular
C551,Customer 551,customer551@example.com,+12345678551,20,8,Regular
C552,Customer 552,customer552@example.com,+12345678552,28,10,Regular
C553,Customer 553,customer553@example.com,+12345678553,15,5,Regular
C554,Customer 554,customer554@example.com,+12345678554,1,1,Regular
C555,Customer 555,customer555@example.com,+12345678555,34,10,Regular
C556,Customer 556,customer556@example.com,+12345678556,5,2,Regular
C557,Customer 557,customer557@example.com,+12345678557,29,10,Regular
C558,Customer 558,customer558@example.com,+12345678558,5,1,Regular
C559,Customer 559,customer559@example.com,+12345678559,25,10,Regular
C560,Customer 560,customer560@example.com,+12345678560,5,2,Regular
C561,Customer 561,customer561@example.com,+12345678561,28,9,Regular
C562,Customer 562,customer562@example.com,+12345678562,6,2,Regular
C563,Customer 563,customer563@example.com,+12345678563,26,10,Regular
C564,Customer 564,customer564@example.com,+12345678564,2,1,Regular
C565,Customer 565,customer565@example.com,+12345678565,27,9,Regular
C566,Customer 566,customer566@example.com,+12345678566,19,9,Regular
C567,Customer 567,customer567@example.com,+12345678567,2,2,Regular
C568,Customer 568,customer568@example.com,+12345678568,27,9,Regular
C569,Customer 569,customer569@example.com,+12345678569,7,2,Regular
C570,Customer 570,customer570@example.com,+12345678570,20,9,Regular
C571,Customer 571,customer571@example.com,+12345678571,3,2,Regular
C572,Customer 572,customer572@example.com,+12345678572,29,8,Regular
C573,Customer 573,customer573@example.com,+12345678573,12,6,Regular
C574,Customer 574,customer574@example.com,+12345678574,21,6,Regular
C575,Customer 575,customer575@example.com,+12345678575,3,2,Regular
C576,Customer 576,customer576@example.com,+12345678576,23,6,Regular
C577,Customer 577,customer577@example.com,+12345678577,6,2,Regular
C578,Customer 578,customer578@example.com,+12345678578,7,2,Regular
C579,Customer 579,customer579@example.com,+12345678579,23,6,Regular
C580,Customer 580,customer580@example.com,+12345678580,16,7,Regular
C581,Customer 581,customer581@example.com,+12345678581,13,5,Regular
C582,Customer 582,customer582@example.com,+12345678582,22,6,Regular
C583,Customer 583,customer583@example.com,+12345678583,29,10,Regular
C584,Customer 584,customer584@example.com,+12345678584,23,6,Regular
C585,Customer 585,customer585@example.com,+12345678585,6,2,Regular
C586,Customer 586,customer586@example.com,+12345678586,17,7,Regular
C587,Customer 587,customer587@example.com,+12345678587,5,2,Regular
C588,Customer 588,customer588@example.com,+12345678588,7,2,Regular
C589,Customer 589,customer589@example.com,+12345678589,21,7,Regular
C590,Customer 590,customer590@example.com,+12345678590,11,5,Regular
C591,Customer 591,customer591@example.com,+12345678591,5,1,Regular
C592,Customer 592,customer592@example.com,+12345678592,7,2,Regular
C593,Customer 593,customer593@example.com,+12345678593,14,7,Regular
C594,Customer 594,customer594@example.com,+12345678594,4,2,Regular
C595,Customer 595,customer595@example.com,+12345678595,32,9,Regular
C596,Customer 596,customer596@example.com,+12345678596,5,2,Regular
C597,Customer 597,customer597@example.com,+12345678597,13,5,Regular
C598,Customer 598,customer598@example.com,+12345678598,10,3,Regular
C599,Customer 599,customer599@example.com,+12345678599,12,4,Regular
C600,Customer 600,customer600@example.com,+12345678600,13,4,Regular
C601,Customer 601,customer601@example.com,+12345678601,2,1,Regular
C602,Customer 602,customer602@example.com,+12345678602,21,7,Regular
C603,Customer 603,customer603@example.com,+12345678603,4,1,Regular
C604,Customer 604,customer604@example.com,+12345678604,18,6,Regular
C605,Customer 605,customer605@example.com,+12345678605,25,9,Regular
C606,Customer 606,customer606@example.com,+12345678606,20,9,Regular
C607,Customer 607,customer607@example.com,+12345678607,8,2,Regular
C608,Customer 608,customer608@example.com,+12345678608,20,5,Regular
C609,Customer 609,customer609@example.com,+12345678609,35,10,Regular
C610,Customer 610,customer610@example.com,+12345678610,20,5,Regular
C611,Customer 611,customer611@example.com,+12345678611,18,5,Regular
C612,Customer 612,customer612@example.com,+12345678612,8,5,Regular
C613,Customer 613,customer613@example.com,+12345678613,24,9,Regular
C614,Customer 614,customer614@example.com,+12345678614,4,2,Regular
C615,Customer 615,customer615@example.com,+12345678615,27,8,Regular
C616,Customer 616,customer616@example.com,+12345678616,19,7,Regular
C617,Customer 617,customer617@example.com,+12345678617,6,2,Regular
C618,Customer 618,customer618@example.com,+12345678618,29,9,Regular
C619,Customer 619,customer619@example.com,+12345678619,22,8,Regular
C620,Customer 620,customer620@example.com,+12345678620,24,7,Regular
C621,Customer 621,customer621@example.com,+12345678621,8,2,Regular
C622,Customer 622,customer622@example.com,+12345678622,15,4,Regular
C623,Customer 623,customer623@example.com,+12345678623,9,2,Regular
C624,Customer 624,customer624@example.com,+12345678624,7,2,Regular
C625,Customer 625,customer625@example.com,+12345678625,28,8,Regular
C626,Customer 626,customer626@example.com,+12345678626,2,2,Regular
C627,Customer 627,customer627@example.com,+12345678627,14,4,Regular
C628,Customer 628,customer628@example.com,+12345678628,6,2,Regular
C629,Customer 629,customer629@example.com,+12345678629,15,5,Regular
C630,Customer 630,customer630@example.com,+12345678630,4,2,Regular
C631,Customer 631,customer631@example.com,+12345678631,13,5,Regular
C632,Customer 632,customer632@example.com,+12345678632,6,2,Regular
C633,Customer 633,customer633@example.com,+12345678633,24,9,Regular
C634,Customer 634,customer634@example.com,+12345678634,24,8,Regular
C635,Customer 635,customer635@example.com,+12345678635,3,2,Regular
C636,Customer 636,customer636@example.com,+12345678636,3,2,Regular
C637,Customer 637,customer637@example.com,+12345678637,15,5,Regular
C638,Customer 638,customer638@example.com,+12345678638,3,1,Regular
C639,Customer 639,customer639@example.com,+12345678639,4,1,Regular
C640,Customer 640,customer640@example.com,+12345678640,26,10,Regular
C641,Customer 641,customer641@example.com,+12345678641,4,2,Regular
C642,Customer 642,customer642@example.com,+12345678642,6,2,Regular
C643,Customer 643,customer643@example.com,+12345678643,20,6,Regular
C644,Customer 644,customer644@example.com,+12345678644,25,9,Regular
C645,Customer 645,customer645@example.com,+12345678645,21,5,Regular
C646,Customer 646,customer646@example.com,+12345678646,22,8,Regular
C647,Customer 647,customer647@example.com,+12345678647,8,2,Regular
C648,Customer 648,customer648@example.com,+12345678648,8,2,Regular
C649,Customer 649,customer649@example.com,+12345678649,4,2,Regular
C650,Customer 650,customer650@example.com,+12345678650,10,3,Regular
C651,Customer 651,customer651@example.com,+12345678651,29,10,Regular
C652,Customer 652,customer652@example.com,+12345678652,5,1,Regular
C653,Customer 653,customer653@example.com,+12345678653,30,10,Regular
C654,Customer 654,customer654@example.com,+12345678654,6,2,Regular
C655,Customer 655,customer655@example.com,+12345678655,7,2,Regular
C656,Customer 656,customer656@example.com,+12345678656,31,8,Regular
C657,Customer 657,customer657@example.com,+12345678657,6,2,Regular
C658,Customer 658,customer658@example.com,+12345678658,4,1,Regular
C659,Customer 659,customer659@example.com,+12345678659,8,2,Regular
C660,Customer 660,customer660@example.com,+12345678660,32,9,Regular
C661,Customer 661,customer661@example.com,+12345678661,6,3,Regular
C662,Customer 662,customer662@example.com,+12345678662,4,2,Regular
C663,Customer 663,customer663@example.com,+12345678663,15,6,Regular
C664,Customer 664,customer664@example.com,+12345678664,6,2,Regular
C665,Customer 665,customer665@example.com,+12345678665,5,2,Regular
C666,Customer 666,customer666@example.com,+12345678666,28,9,Regular
C667,Customer 667,customer667@example.com,+12345678667,25,7,Regular
C668,Customer 668,customer668@example.com,+12345678668,27,9,Regular
C669,Customer 669,customer669@example.com,+12345678669,35,10,Regular
C670,Customer 670,customer670@example.com,+12345678670,6,2,Regular
C671,Customer 671,customer671@example.com,+12345678671,5,3,Regular
C672,Customer 672,customer672@example.com,+12345678672,2,2,Regular
C673,Customer 673,customer673@example.com,+12345678673,2,1,Regular
C674,Customer 674,customer674@example.com,+12345678674,5,2,Regular
C675,Customer 675,customer675@example.com,+12345678675,32,9,Regular
C676,Customer 676,customer676@example.com,+12345678676,6,2,Regular
C677,Customer 677,customer677@example.com,+12345678677,20,6,Regular
C678,Customer 678,customer678@example.com,+12345678678,7,2,Regular
C679,Customer 679,customer679@example.com,+12345678679,11,3,Regular
C680,Customer 680,customer680@example.com,+12345678680,14,5,Regular
C681,Customer 681,customer681@example.com,+12345678681,3,2,Regular
C682,Customer 682,customer682@example.com,+12345678682,29,8,Regular
C683,Customer 683,customer683@example.com,+12345678683,5,2,Regular
C684,Customer 684,customer684@example.com,+12345678684,12,4,Regular
C685,Customer 685,customer685@example.com,+12345678685,2,2,Regular
C686,Customer 686,customer686@example.com,+12345678686,31,7,Regular
C687,Customer 687,customer687@example.com,+12345678687,16,5,Regular
C688,Customer 688,customer688@example.com,+12345678688,6,2,Regular
C689,Customer 689,customer689@example.com,+12345678689,6,2,Regular
C690,Customer 690,customer690@example.com,+12345678690,9,2,Regular
C691,Customer 691,customer691@example.com,+12345678691,19,7,Regular
C692,Customer 692,customer692@example.com,+12345678692,12,3,Regular
C693,Customer 693,customer693@example.com,+12345678693,14,5,Regular
C694,Customer 694,customer694@example.com,+12345678694,5,1,Regular
C695,Customer 695,customer695@example.com,+12345678695,6,3,Regular
C696,Customer 696,customer696@example.com,+12345678696,36,10,Regular
C697,Customer 697,customer697@example.com,+12345678697,20,6,Regular
C698,Customer 698,customer698@example.com,+12345678698,4,2,Regular
C699,Customer 699,customer699@example.com,+12345678699,26,10,Regular
C700,Customer 700,customer700@example.com,+12345678700,18,7,Regular
C701,Customer 701,customer701@example.com,+12345678701,7,2,Regular
C702,Customer 702,customer702@example.com,+12345678702,10,4,Regular
C703,Customer 703,customer703@example.com,+12345678703,17,5,Regular
C704,Customer 704,customer704@example.com,+12345678704,27,10,Regular
C705,Customer 705,customer705@example.com,+12345678705,24,8,Regular
C706,Customer 706,customer706@example.com,+12345678706,24,8,Regular
C707,Customer 707,customer707@example.com,+12345678707,5,1,Regular
C708,Customer 708,customer708@example.com,+12345678708,20,8,Regular
C709,Customer 709,customer709@example.com,+12345678709,18,8,Regular
C710,Customer 710,customer710@example.com,+12345678710,4,1,Regular
C711,Customer 711,customer711@example.com,+12345678711,13,4,Regular
C712,Customer 712,customer712@example.com,+12345678712,9,2,Regular
C713,Customer 713,customer713@example.com,+12345678713,6,2,Regular
C714,Customer 714,customer714@example.com,+12345678714,5,2,Regular
C715,Customer 715,customer715@example.com,+12345678715,4,1,Regular
C716,Customer 716,customer716@example.com,+12345678716,6,3,Regular
C717,Customer 717,customer717@example.com,+12345678717,23,7,Regular
C718,Customer 718,customer718@example.com,+12345678718,8,2,Regular
C719,Customer 719,customer719@example.com,+12345678719,2,1,Regular
C720,Customer 720,customer720@example.com,+12345678720,3,2,Regular
C721,Customer 721,customer721@example.com,+12345678721,9,5,Regular
C722,Customer 722,customer722@example.com,+12345678722,23,9,Regular
C723,Customer 723,customer723@example.com,+12345678723,12,4,Regular
C724,Customer 724,customer724@example.com,+12345678724,24,10,Regular
C725,Customer 725,customer725@example.com,+12345678725,28,8,Regular
C726,Customer 726,customer726@example.com,+12345678726,2,1,Regular
C727,Customer 727,customer727@example.com,+12345678727,8,2,Regular
C728,Customer 728,customer728@example.com,+12345678728,10,2,Regular
C729,Customer 729,customer729@example.com,+12345678729,7,2,Regular
C730,Customer 730,customer730@example.com,+12345678730,23,7,Regular
C731,Customer 731,customer731@example.com,+12345678731,20,8,Regular
C732,Customer 732,customer732@example.com,+12345678732,15,5,Regular
C733,Customer 733,customer733@example.com,+12345678733,7,2,Regular
C734,Customer 734,customer734@example.com,+12345678734,23,8,Regular
C735,Customer 735,customer735@example.com,+12345678735,18,5,Regular
C736,Customer 736,customer736@example.com,+12345678736,18,8,Regular
C737,Customer 737,customer737@example.com,+12345678737,19,6,Regular
C738,Customer 738,customer738@example.com,+12345678738,33,10,Regular
C739,Customer 739,customer739@example.com,+12345678739,20,6,Regular
C740,Customer 740,customer740@example.com,+12345678740,34,8,Regular
C741,Customer 741,customer741@example.com,+12345678741,23,9,Regular
C742,Customer 742,customer742@example.com,+12345678742,2,2,Regular
C743,Customer 743,customer743@example.com,+12345678743,33,9,Regular
C744,Customer 744,customer744@example.com,+12345678744,2,2,Regular
C745,Customer 745,customer745@example.com,+12345678745,4,1,Regular
C746,Customer 746,customer746@example.com,+12345678746,10,4,Regular
C747,Customer 747,customer747@example.com,+12345678747,31,10,Regular
C748,Customer 748,customer748@example.com,+12345678748,22,9,Regular
C749,Customer 749,customer749@example.com,+12345678749,22,7,Regular
C750,Customer 750,customer750@example.com,+12345678750,1,1,Regular
C751,Customer 751,customer751@example.com,+12345678751,7,2,Regular
C752,Customer 752,customer752@example.com,+12345678752,28,10,Regular
C753,Customer 753,customer753@example.com,+12345678753,24,7,Regular
C754,Customer 754,customer754@example.com,+12345678754,31,7,Regular
C755,Customer 755,customer755@example.com,+12345678755,5,2,Regular
C756,Customer 756,customer756@example.com,+12345678756,6,2,Regular
C757,Customer 757,customer757@example.com,+12345678757,13,5,Regular
C758,Customer 758,customer758@example.com,+12345678758,1,1,Regular
C759,Customer 759,customer759@example.com,+12345678759,12,6,Regular
C760,Customer 760,customer760@example.com,+12345678760,8,2,Regular
C761,Customer 761,customer761@example.com,+12345678761,3,2,Regular
C762,Customer 762,customer762@example.com,+12345678762,16,5,Regular
C763,Customer 763,customer763@example.com,+12345678763,5,1,Regular
C764,Customer 764,customer764@example.com,+12345678764,34,10,Regular
C765,Customer 765,customer765@example.com,+12345678765,5,2,Regular
C766,Customer 766,customer766@example.com,+12345678766,27,10,Regular
C767,Customer 767,customer767@example.com,+12345678767,10,4,Regular
C768,Customer 768,customer768@example.com,+12345678768,4,2,Regular
C769,Customer 769,customer769@example.com,+12345678769,6,2,Regular
C770,Customer 770,customer770@example.com,+12345678770,10,2,Regular
C771,Customer 771,customer771@example.com,+12345678771,30,10,Regular
C772,Customer 772,customer772@example.com,+12345678772,29,8,Regular
C773,Customer 773,customer773@example.com,+12345678773,14,4,Regular
C774,Customer 774,customer774@example.com,+12345678774,3,2,Regular
C775,Customer 775,customer775@example.com,+12345678775,4,1,Regular
C776,Customer 776,customer776@example.com,+12345678776,6,2,Regular
C777,Customer 777,customer777@example.com,+12345678777,29,10,Regular
C778,Customer 778,customer778@example.com,+12345678778,12,3,Regular
C779,Customer 779,customer779@example.com,+12345678779,32,8,Regular
C780,Customer 780,customer780@example.com,+12345678780,28,9,Regular
C781,Customer 781,customer781@example.com,+12345678781,10,4,Regular
C782,Customer 782,customer782@example.com,+12345678782,7,2,Regular
C783,Customer 783,customer783@example.com,+12345678783,15,5,Regular
C784,Customer 784,customer784@example.com,+12345678784,29,10,Regular
C785,Customer 785,customer785@example.com,+12345678785,2,2,Regular
C786,Customer 786,customer786@example.com,+12345678786,21,8,Regular
C787,Customer 787,customer787@example.com,+12345678787,12,5,Regular
C788,Customer 788,customer788@example.com,+12345678788,2,2,Regular
C789,Customer 789,customer789@example.com,+12345678789,6,2,Regular
C790,Customer 790,customer790@example.com,+12345678790,21,8,Regular
C791,Customer 791,customer791@example.com,+12345678791,19,7,Regular
C792,Customer 792,customer792@example.com,+12345678792,6,2,Regular
C793,Customer 793,customer793@example.com,+12345678793,3,2,Regular
C794,Customer 794,customer794@example.com,+12345678794,10,2,Regular
C795,Customer 795,customer795@example.com,+12345678795,9,3,Regular
C796,Customer 796,customer796@example.com,+12345678796,7,2,Regular
C797,Customer 797,customer797@example.com,+12345678797,29,10,Regular
C798,Customer 798,customer798@example.com,+12345678798,4,2,Regular
C799,Customer 799,customer799@example.com,+12345678799,7,2,Regular
C800,Customer 800,customer800@example.com,+12345678800,6,2,Regular
C801,Customer 801,customer801@example.com,+12345678801,26,6,Regular
C802,Customer 802,customer802@example.com,+12345678802,24,10,Regular
C803,Customer 803,customer803@example.com,+12345678803,31,10,Regular
C804,Customer 804,customer804@example.com,+12345678804,22,8,Regular
C805,Customer 805,customer805@example.com,+12345678805,17,5,Regular
C806,Customer 806,customer806@example.com,+12345678806,2,1,Regular
C807,Customer 807,customer807@example.com,+12345678807,27,8,Regular
C808,Customer 808,customer808@example.com,+12345678808,10,2,Regular
C809,Customer 809,customer809@example.com,+12345678809,29,8,Regular
C810,Customer 810,customer810@example.com,+12345678810,31,10,Regular
C811,Customer 811,customer811@example.com,+12345678811,10,4,Regular
C812,Customer 812,customer812@example.com,+12345678812,6,2,Regular
C813,Customer 813,customer813@example.com,+12345678813,4,2,Regular
C814,Customer 814,customer814@example.com,+12345678814,25,8,Regular
C815,Customer 815,customer815@example.com,+12345678815,19,7,Regular
C816,Customer 816,customer816@example.com,+12345678816,5,1,Regular
C817,Customer 817,customer817@example.com,+12345678817,2,1,Regular
C818,Customer 818,customer818@example.com,+12345678818,12,3,Regular
C819,Customer 819,customer819@example.com,+12345678819,11,4,Regular
C820,Customer 820,customer820@example.com,+12345678820,3,2,Regular
C821,Customer 821,customer821@example.com,+12345678821,16,5,Regular
C822,Customer 822,customer822@example.com,+12345678822,15,4,Regular
C823,Customer 823,customer823@example.com,+12345678823,11,3,Regular
C824,Customer 824,customer824@example.com,+12345678824,19,5,Regular
C825,Customer 825,customer825@example.com,+12345678825,30,9,Regular
C826,Customer 826,customer826@example.com,+12345678826,5,2,Regular
C827,Customer 827,customer827@example.com,+12345678827,3,1,Regular
C828,Customer 828,customer828@example.com,+12345678828,20,4,Regular
C829,Customer 829,customer829@example.com,+12345678829,20,5,Regular
C830,Customer 830,customer830@example.com,+12345678830,10,2,Regular
C831,Customer 831,customer831@example.com,+12345678831,24,8,Regular
C832,Customer 832,customer832@example.com,+12345678832,9,3,Regular
C833,Customer 833,customer833@example.com,+12345678833,7,2,Regular
C834,Customer 834,customer834@example.com,+12345678834,5,2,Regular
C835,Customer 835,customer835@example.com,+12345678835,6,4,Regular
C836,Customer 836,customer836@example.com,+12345678836,18,5,Regular
C837,Customer 837,customer837@example.com,+12345678837,11,4,Regular
C838,Customer 838,customer838@example.com,+12345678838,7,2,Regular
C839,Customer 839,customer839@example.com,+12345678839,12,4,Regular
C840,Customer 840,customer840@example.com,+12345678840,22,7,Regular
C841,Customer 841,customer841@example.com,+12345678841,13,4,Regular
C842,Customer 842,customer842@example.com,+12345678842,10,5,Regular
C843,Customer 843,customer843@example.com,+12345678843,28,10,Regular
C844,Customer 844,customer844@example.com,+12345678844,13,5,Regular
C845,Customer 845,customer845@example.com,+12345678845,27,9,Regular
C846,Customer 846,customer846@example.com,+12345678846,22,6,Regular
C847,Customer 847,customer847@example.com,+12345678847,33,10,Regular
C848,Customer 848,customer848@example.com,+12345678848,28,10,Regular
C849,Customer 849,customer849@example.com,+12345678849,12,6,Regular
C850,Customer 850,customer850@example.com,+12345678850,4,2,Regular
C851,Customer 851,customer851@example.com,+12345678851,10,4,Regular
C852,Customer 852,customer852@example.com,+12345678852,1,1,Regular
C853,Customer 853,customer853@example.com,+12345678853,3,1,Regular
C854,Customer 854,customer854@example.com,+12345678854,35,9,Regular
C855,Customer 855,customer855@example.com,+12345678855,7,2,Regular
C856,Customer 856,customer856@example.com,+12345678856,20,5,Regular
C857,Customer 857,customer857@example.com,+12345678857,9,2,Regular
C858,Customer 858,customer858@example.com,+12345678858,3,1,Regular
C859,Customer 859,customer859@example.com,+12345678859,7,2,Regular
C860,Customer 860,customer860@example.com,+12345678860,6,2,Regular
C861,Customer 861,customer861@example.com,+12345678861,6,2,Regular
C862,Customer 862,customer862@example.com,+12345678862,38,9,Regular
C863,Customer 863,customer863@example.com,+12345678863,8,3,Regular
C864,Customer 864,customer864@example.com,+12345678864,6,2,Regular
C865,Customer 865,customer865@example.com,+12345678865,30,10,Regular
C866,Customer 866,customer866@example.com,+12345678866,14,5,Regular
C867,Customer 867,customer867@example.com,+12345678867,16,6,Regular
C868,Customer 868,customer868@example.com,+12345678868,4,1,Regular
C869,Customer 869,customer869@example.com,+12345678869,26,8,Regular
C870,Customer 870,customer870@example.com,+12345678870,5,1,Regular
C871,Customer 871,customer871@example.com,+12345678871,4,2,Regular
C872,Customer 872,customer872@example.com,+12345678872,15,4,Regular
C873,Customer 873,customer873@example.com,+12345678873,15,5,Regular
C874,Customer 874,customer874@example.com,+12345678874,9,4,Regular
C875,Customer 875,customer875@example.com,+12345678875,5,2,Regular
C876,Customer 876,customer876@example.com,+12345678876,25,9,Regular
C877,Customer 877,customer877@example.com,+12345678877,10,3,Regular
C878,Customer 878,customer878@example.com,+12345678878,5,1,Regular
C879,Customer 879,customer879@example.com,+12345678879,31,8,Regular
C880,Customer 880,customer880@example.com,+12345678880,21,5,Regular
C881,Customer 881,customer881@example.com,+12345678881,21,8,Regular
C882,Customer 882,customer882@example.com,+12345678882,22,5,Regular
C883,Customer 883,customer883@example.com,+12345678883,31,9,Regular
C884,Customer 884,customer884@example.com,+12345678884,10,4,Regular
C885,Customer 885,customer885@example.com,+12345678885,9,2,Regular
C886,Customer 886,customer886@example.com,+12345678886,8,2,Regular
C887,Customer 887,customer887@example.com,+12345678887,25,7,Regular
C888,Customer 888,customer888@example.com,+12345678888,10,2,Regular
C889,Customer 889,customer889@example.com,+12345678889,7,2,Regular
C890,Customer 890,customer890@example.com,+12345678890,10,4,Regular
C891,Customer 891,customer891@example.com,+12345678891,16,5,Regular
C892,Customer 892,customer892@example.com,+12345678892,4,1,Regular
C893,Customer 893,customer893@example.com,+12345678893,30,10,Regular
C894,Customer 894,customer894@example.com,+12345678894,6,2,Regular
C895,Customer 895,customer895@example.com,+12345678895,21,7,Regular
C896,Customer 896,customer896@example.com,+12345678896,9,2,Regular
C897,Customer 897,customer897@example.com,+12345678897,25,7,Regular
C898,Customer 898,customer898@example.com,+12345678898,32,9,Regular
C899,Customer 899,customer899@example.com,+12345678899,22,6,Regular
C900,Customer 900,customer900@example.com,+12345678900,12,4,Regular
C901,Customer 901,customer901@example.com,+12345678901,27,8,Regular
C902,Customer 902,customer902@example.com,+12345678902,7,2,Regular
C903,Customer 903,customer903@example.com,+12345678903,7,2,Regular
C904,Customer 904,customer904@example.com,+12345678904,4,2,Regular
C905,Customer 905,customer905@example.com,+12345678905,18,6,Regular
C906,Customer 906,customer906@example.com,+12345678906,19,7,Regular
C907,Customer 907,customer907@example.com,+12345678907,7,4,Regular
C908,Customer 908,customer908@example.com,+12345678908,31,9,Regular
C909,Customer 909,customer909@example.com,+12345678909,2,1,Regular
C910,Customer 910,customer910@example.com,+12345678910,7,3,Regular
C911,Customer 911,customer911@example.com,+12345678911,8,2,Regular
C912,Customer 912,customer912@example.com,+12345678912,17,5,Regular
C913,Customer 913,customer913@example.com,+12345678913,24,8,Regular
C914,Customer 914,customer914@example.com,+12345678914,6,2,Regular
C915,Customer 915,customer915@example.com,+12345678915,17,6,Regular
C916,Customer 916,customer916@example.com,+12345678916,31,9,Regular
C917,Customer 917,customer917@example.com,+12345678917,13,6,Regular
C918,Customer 918,customer918@example.com,+12345678918,6,2,Regular
C919,Customer 919,customer919@example.com,+12345678919,6,2,Regular
C920,Customer 920,customer920@example.com,+12345678920,22,8,Regular
C921,Customer 921,customer921@example.com,+12345678921,26,9,Regular
C922,Customer 922,customer922@example.com,+12345678922,32,9,Regular
C923,Customer 923,customer923@example.com,+12345678923,6,2,Regular
C924,Customer 924,customer924@example.com,+12345678924,13,5,Regular
C925,Customer 925,customer925@example.com,+12345678925,2,1,Regular
C926,Customer 926,customer926@example.com,+12345678926,24,7,Regular
C927,Customer 927,customer927@example.com,+12345678927,4,1,Regular
C928,Customer 928,customer928@example.com,+12345678928,18,4,Regular
C929,Customer 929,customer929@example.com,+12345678929,15,5,Regular
C930,Customer 930,customer930@example.com,+12345678930,3,1,Regular
C931,Customer 931,customer931@example.com,+12345678931,17,6,Regular
C932,Customer 932,customer932@example.com,+12345678932,9,3,Regular
C933,Customer 933,customer933@example.com,+12345678933,17,6,Regular
C934,Customer 934,customer934@example.com,+12345678934,32,9,Regular
C935,Customer 935,customer935@example.com,+12345678935,26,9,Regular
C936,Customer 936,customer936@example.com,+12345678936,4,2,Regular
C937,Customer 937,customer937@example.com,+12345678937,2,1,Regular
C938,Customer 938,customer938@example.com,+12345678938,21,6,Regular
C939,Customer 939,customer939@example.com,+12345678939,23,8,Regular
C940,Customer 940,customer940@example.com,+12345678940,12,4,Regular
C941,Customer 941,customer941@example.com,+12345678941,4,2,Regular
C942,Customer 942,customer942@example.com,+12345678942,31,10,Regular
C943,Customer 943,customer943@example.com,+12345678943,35,10,Regular
C944,Customer 944,customer944@example.com,+12345678944,10,4,Regular
C945,Customer 945,customer945@example.com,+12345678945,3,2,Regular
C946,Customer 946,customer946@example.com,+12345678946,21,8,Regular
C947,Customer 947,customer947@example.com,+12345678947,26,9,Regular
C948,Customer 948,customer948@example.com,+12345678948,21,7,Regular
C949,Customer 949,customer949@example.com,+12345678949,5,2,Regular
C950,Customer 950,customer950@example.com,+12345678950,1,1,Regular
C951,Customer 951,customer951@example.com,+12345678951,26,10,Regular
C952,Customer 952,customer952@example.com,+12345678952,15,4,Regular
C953,Customer 953,customer953@example.com,+12345678953,33,9,Regular
C954,Customer 954,customer954@example.com,+12345678954,21,9,Regular
C955,Customer 955,customer955@example.com,+12345678955,20,7,Regular
C956,Customer 956,customer956@example.com,+12345678956,5,2,Regular
C957,Customer 957,customer957@example.com,+12345678957,6,2,Regular
C958,Customer 958,customer958@example.com,+12345678958,4,2,Regular
C959,Customer 959,customer959@example.com,+12345678959,9,2,Regular
C960,Customer 960,customer960@example.com,+12345678960,7,2,Regular
C961,Customer 961,customer961@example.com,+12345678961,2,1,Regular
C962,Customer 962,customer962@example.com,+12345678962,6,2,Regular
C963,Customer 963,customer963@example.com,+12345678963,7,3,Regular
C964,Customer 964,customer964@example.com,+12345678964,4,2,Regular
C965,Customer 965,customer965@example.com,+12345678965,30,8,Regular
C966,Customer 966,customer966@example.com,+12345678966,8,2,Regular
C967,Customer 967,customer967@example.com,+12345678967,8,4,Regular
C968,Customer 968,customer968@example.com,+12345678968,29,9,Regular
C969,Customer 969,customer969@example.com,+12345678969,5,1,Regular
C970,Customer 970,customer970@example.com,+12345678970,7,2,Regular
C971,Customer 971,customer971@example.com,+12345678971,24,9,Regular
C972,Customer 972,customer972@example.com,+12345678972,15,5,Regular
C973,Customer 973,customer973@example.com,+12345678973,18,6,Regular
C974,Customer 974,customer974@example.com,+12345678974,6,2,Regular
C975,Customer 975,customer975@example.com,+12345678975,2,2,Regular
C976,Customer 976,customer976@example.com,+12345678976,6,2,Regular
C977,Customer 977,customer977@example.com,+12345678977,27,7,Regular
C978,Customer 978,customer978@example.com,+12345678978,9,4,Regular
C979,Customer 979,customer979@example.com,+12345678979,6,3,Regular
C980,Customer 980,customer980@example.com,+12345678980,6,2,Regular
C981,Customer 981,customer981@example.com,+12345678981,24,8,Regular
C982,Customer 982,customer982@example.com,+12345678982,14,5,Regular
C983,Customer 983,customer983@example.com,+12345678983,3,2,Regular
C984,Customer 984,customer984@example.com,+12345678984,7,2,Regular
C985,Customer 985,customer985@example.com,+12345678985,3,2,Regular
C986,Customer 986,customer986@example.com,+12345678986,19,7,Regular
C987,Customer 987,customer987@example.com,+12345678987,3,1,Regular
C988,Customer 988,customer988@example.com,+12345678988,4,1,Regular
C989,Customer 989,customer989@example.com,+12345678989,25,7,Regular
C990,Customer 990,customer990@example.com,+12345678990,34,9,Regular
C991,Customer 991,customer991@example.com,+12345678991,16,5,Regular
C992,Customer 992,customer992@example.com,+12345678992,27,8,Regular
C993,Customer 993,customer993@example.com,+12345678993,10,2,Regular
C994,Customer 994,customer994@example.com,+12345678994,2,2,Regular
C995,Customer 995,customer995@example.com,+12345678995,22,6,Regular
C996,Customer 996,customer996@example.com,+12345678996,9,2,Regular
C997,Customer 997,customer997@example.com,+12345678997,6,2,Regular
C998,Customer 998,customer998@example.com,+12345678998,7,2,Regular
C999,Customer 999,customer999@example.com,+12345678999,21,5,Regular
C1000,Customer 1000,customer1000@example.com,+123456781000,24,8,Regular
